_id,EVENT_UNIQUE_ID,REPORT_DATE,OCC_DATE,REPORT_YEAR,REPORT_MONTH,REPORT_DAY,REPORT_DOY,REPORT_DOW,REPORT_HOUR,OCC_YEAR,OCC_MONTH,OCC_DAY,OCC_DOY,OCC_DOW,OCC_HOUR,DIVISION,LOCATION_TYPE,PREMISES_TYPE,UCR_CODE,UCR_EXT,OFFENCE,MCI_CATEGORY,HOOD_158,NEIGHBOURHOOD_158,HOOD_140,NEIGHBOURHOOD_140,LONG_WGS84,LAT_WGS84
320158,GO-20222361345,12/3/2022,12/3/2022,2022,December,3,337,Saturday  ,19,2022,December,3,337,Saturday  ,19,D22,"Bank And Other Financial Institutions (Money Mart, Tsx)",Commercial,1610,100,Robbery With Weapon,Robbery,160,Mimico-Queensway (160),17,Mimico (includes Humber Bay Shores) (17),-79.48980143,43.61275673
205736,GO-20192153133,11/7/2019,11/6/2019,2019,November,7,311,Thursday  ,14,2019,November,6,310,Wednesday ,11,D14,Schools During Supervised Activity,Educational,1430,100,Assault,Assault,79,University (79),79,University (79),-79.41021343,43.66267141
9913,GO-20141991841,5/1/2014,4/30/2014,2014,May,1,121,Thursday  ,6,2014,April,30,120,Wednesday ,22,D12,"Other Commercial / Corporate Places (For Profit, Warehouse, Corp. Bldg",Commercial,2120,200,B&E,Break and Enter,112,Beechborough-Greenbrook (112),112,Beechborough-Greenbrook (112),-79.46765069,43.69178638
174855,GO-2019228155,2/5/2019,2/5/2019,2019,February,5,36,Tuesday   ,13,2019,February,5,36,Tuesday   ,13,D33,Schools During Supervised Activity,Educational,1430,100,Assault,Assault,48,Hillcrest Village (48),48,Hillcrest Village (48),-79.35042935,43.79362576
13539,GO-20142257242,6/9/2014,6/9/2014,2014,June,9,160,Monday    ,22,2014,June,9,160,Monday    ,22,D31,"Apartment (Rooming House, Condo)",Apartment,1430,100,Assault,Assault,25,Glenfield-Jane Heights (25),25,Glenfield-Jane Heights (25),-79.5115437,43.74213226
334993,GO-2023737589,4/4/2023,4/4/2023,2023,April,4,94,Tuesday   ,6,2023,April,4,94,Tuesday   ,0,D12,"Single Home, House (Attach Garage, Cottage, Mobile)",House,2135,210,Theft Of Motor Vehicle,Auto Theft,23,Pelmo Park-Humberlea (23),23,Pelmo Park-Humberlea (23),-79.51243484,43.71186105
127307,GO-20171931376,10/25/2017,10/16/2017,2017,October,25,298,Wednesday ,11,2017,October,16,289,Monday    ,12,D43,"Apartment (Rooming House, Condo)",Apartment,1430,100,Assault,Assault,136,West Hill (136),136,West Hill (136),-79.18621381,43.7684036
204951,GO-20192103394,10/31/2019,11/29/2017,2019,October,31,304,Thursday  ,13,2017,November,29,333,Wednesday ,13,D23,"Apartment (Rooming House, Condo)",Apartment,1420,100,Assault With Weapon,Assault,2,Mount Olive-Silverstone-Jamestown (2),2,Mount Olive-Silverstone-Jamestown (2),-79.58636637,43.73250158
86890,GO-20161497418,8/24/2016,8/24/2016,2016,August,24,237,Wednesday ,7,2016,August,24,237,Wednesday ,7,D14,"Streets, Roads, Highways (Bicycle Path, Private Road)",Outside,2135,210,Theft Of Motor Vehicle,Auto Theft,172,Dovercourt Village (172),93,Dovercourt-Wallace Emerson-Junction (93),-79.43413892,43.66666392
374809,GO-2024104948,1/15/2024,1/15/2024,2024,January,15,15,Monday    ,1,2024,January,15,15,Monday    ,1,D52,"Streets, Roads, Highways (Bicycle Path, Private Road)",Outside,1610,180,Robbery - Swarming,Robbery,168,Downtown Yonge East (168),75,Church-Yonge Corridor (75),-79.38091295,43.6563248
243996,GO-20202255087,11/29/2020,11/28/2020,2020,November,29,334,Sunday    ,0,2020,November,28,333,Saturday  ,22,D53,"Streets, Roads, Highways (Bicycle Path, Private Road)",Outside,1610,220,Robbery - Other,Robbery,95,Annex (95),95,Annex (95),-79.39691515,43.67554392
412109,GO-20242342414,10/26/2024,10/26/2024,2024,October,26,300,Saturday  ,18,2024,October,26,300,Saturday  ,18,D32,Ttc Subway Station,Transit,1430,100,Assault,Assault,36,Newtonbrook West (36),36,Newtonbrook West (36),-79.41599034,43.781633
170569,GO-20182349238,12/23/2018,12/23/2018,2018,December,23,357,Sunday    ,16,2018,December,23,357,Sunday    ,16,D51,"Apartment (Rooming House, Condo)",Apartment,1430,100,Assault,Assault,168,Downtown Yonge East (168),75,Church-Yonge Corridor (75),-79.37701795,43.6601891
191809,GO-20191292746,7/11/2019,7/11/2019,2019,July,11,192,Thursday  ,4,2019,July,11,192,Thursday  ,4,D51,Bar / Restaurant,Commercial,2120,200,B&E,Break and Enter,168,Downtown Yonge East (168),75,Church-Yonge Corridor (75),-79.37713405,43.6564956
4874,GO-20141628102,3/2/2014,3/1/2014,2014,March,2,61,Sunday    ,19,2014,March,1,60,Saturday  ,20,D43,"Parking Lots (Apt., Commercial Or Non-Commercial)",Outside,2135,210,Theft Of Motor Vehicle,Auto Theft,135,Morningside (135),135,Morningside (135),-79.20586222,43.76458089
33073,GO-201542348,1/8/2015,1/7/2015,2015,January,8,8,Thursday  ,12,2015,January,7,7,Wednesday ,15,D53,"Other Commercial / Corporate Places (For Profit, Warehouse, Corp. Bldg",Commercial,1430,100,Assault,Assault,98,Rosedale-Moore Park (98),98,Rosedale-Moore Park (98),-79.38419105,43.67080371
284909,GO-2022230326,2/4/2022,2/4/2022,2022,February,4,35,Friday    ,9,2022,February,4,35,Friday    ,2,D32,"Single Home, House (Attach Garage, Cottage, Mobile)",House,2135,210,Theft Of Motor Vehicle,Auto Theft,39,Bedford Park-Nortown (39),39,Bedford Park-Nortown (39),-79.41458225,43.73434007
407073,GO-20242041389,9/17/2024,7/10/2024,2024,September,17,261,Tuesday   ,15,2024,July,10,192,Wednesday ,0,D43,"Apartment (Rooming House, Condo)",Apartment,1430,100,Assault,Assault,141,Golfdale-Cedarbrae-Woburn (141),137,Woburn (137),-79.22226821,43.75104399
116913,GO-20171265629,7/14/2017,7/14/2017,2017,July,14,195,Friday    ,23,2017,July,14,195,Friday    ,22,D12,"Parking Lots (Apt., Commercial Or Non-Commercial)",Outside,1430,100,Assault,Assault,30,Brookhaven-Amesbury (30),30,Brookhaven-Amesbury (30),-79.47805104,43.70865515
11808,GO-20142124804,5/21/2014,5/21/2014,2014,May,21,141,Wednesday ,23,2014,May,21,141,Wednesday ,19,D12,"Apartment (Rooming House, Condo)",Apartment,1610,220,Robbery - Other,Robbery,30,Brookhaven-Amesbury (30),30,Brookhaven-Amesbury (30),-79.49084536,43.69862227
24091,GO-20143019520,10/1/2014,9/17/2014,2014,October,1,274,Wednesday ,20,2014,September,17,260,Wednesday ,12,D41,"Commercial Dwelling Unit (Hotel, Motel, B & B, Short Term Rental)",Commercial,2130,210,Theft Over,Theft Over,126,Dorset Park (126),126,Dorset Park (126),-79.2762171,43.77662464
183258,GO-2019766311,4/28/2019,4/28/2019,2019,April,28,118,Sunday    ,18,2019,April,28,118,Sunday    ,18,NSA,"Streets, Roads, Highways (Bicycle Path, Private Road)",Outside,1420,100,Assault With Weapon,Assault,NSA,NSA,NSA,NSA,,
260213,GO-20211050730,6/5/2021,6/5/2021,2021,June,5,156,Saturday  ,22,2021,June,5,156,Saturday  ,22,D43,"Parking Lots (Apt., Commercial Or Non-Commercial)",Outside,1430,100,Assault,Assault,156,Bendale-Glen Andrew (156),127,Bendale (127),-79.25600245,43.75607447
240131,GO-20201976830,10/18/2020,8/7/2020,2020,October,18,292,Sunday    ,11,2020,August,7,220,Friday    ,1,D11,"Streets, Roads, Highways (Bicycle Path, Private Road)",Outside,1420,100,Assault With Weapon,Assault,84,Little Portugal (84),84,Little Portugal (84),-79.43512252,43.6486289
368873,GO-20232772753,12/1/2023,12/1/2023,2023,December,1,335,Friday    ,22,2023,December,1,335,Friday    ,22,D31,"Streets, Roads, Highways (Bicycle Path, Private Road)",Outside,1457,100,Pointing A Firearm,Assault,23,Pelmo Park-Humberlea (23),23,Pelmo Park-Humberlea (23),-79.53749334,43.72037254
420089,GO-20242808178,12/30/2024,12/22/2024,2024,December,30,365,Monday    ,6,2024,December,22,357,Sunday    ,8,D23,"Parking Lots (Apt., Commercial Or Non-Commercial)",Outside,2135,210,Theft Of Motor Vehicle,Auto Theft,1,West Humber-Clairville (1),1,West Humber-Clairville (1),-79.58225331,43.68920864
305076,GO-20221485101,8/2/2022,8/2/2022,2022,August,2,214,Tuesday   ,22,2022,August,2,214,Tuesday   ,22,D41,"Apartment (Rooming House, Condo)",Apartment,1420,100,Assault With Weapon,Assault,126,Dorset Park (126),126,Dorset Park (126),-79.28532019,43.76852204
96028,GO-20162108515,11/28/2016,11/28/2016,2016,November,28,333,Monday    ,0,2016,November,28,333,Monday    ,0,D41,"Apartment (Rooming House, Condo)",Apartment,1430,100,Assault,Assault,121,Oakridge (121),121,Oakridge (121),-79.27966797,43.69493452
255603,GO-2021698855,4/16/2021,4/14/2021,2021,April,16,106,Friday    ,14,2021,April,14,104,Wednesday ,19,D53,"Streets, Roads, Highways (Bicycle Path, Private Road)",Outside,2132,200,Theft From Motor Vehicle Over,Theft Over,95,Annex (95),95,Annex (95),-79.39405045,43.67320271
7445,GO-20141820409,4/3/2014,4/3/2014,2014,April,3,93,Thursday  ,12,2014,April,3,93,Thursday  ,12,D54,"Apartment (Rooming House, Condo)",Apartment,2120,200,B&E,Break and Enter,60,Woodbine-Lumsden (60),60,Woodbine-Lumsden (60),-79.31741164,43.6994959
26044,GO-20143154793,10/22/2014,10/22/2014,2014,October,22,295,Wednesday ,17,2014,October,22,295,Wednesday ,16,D33,"Hospital / Institutions / Medical Facilities (Clinic, Dentist, Morgue)",Other,1430,100,Assault,Assault,52,Bayview Village (52),52,Bayview Village (52),-79.36417813,43.7694094
317168,GO-20222185574,11/9/2022,10/18/2022,2022,November,9,313,Wednesday ,11,2022,October,18,291,Tuesday   ,12,D23,"Other Commercial / Corporate Places (For Profit, Warehouse, Corp. Bldg",Commercial,2135,210,Theft Of Motor Vehicle,Auto Theft,1,West Humber-Clairville (1),1,West Humber-Clairville (1),-79.59769483,43.69150459
33608,GO-201572386,1/14/2015,1/13/2015,2015,January,14,14,Wednesday ,11,2015,January,13,13,Tuesday   ,12,D43,Schools During Supervised Activity,Educational,1430,100,Assault,Assault,136,West Hill (136),136,West Hill (136),-79.18928641,43.77652209
373703,GO-202442134,1/6/2024,1/6/2024,2024,January,6,6,Saturday  ,15,2024,January,6,6,Saturday  ,15,D51,"Apartment (Rooming House, Condo)",Apartment,1430,100,Assault,Assault,168,Downtown Yonge East (168),75,Church-Yonge Corridor (75),-79.38208705,43.6605698
205995,GO-20192172604,11/10/2019,11/8/2019,2019,November,10,314,Sunday    ,10,2019,November,8,312,Friday    ,20,D53,"Streets, Roads, Highways (Bicycle Path, Private Road)",Outside,2135,210,Theft Of Motor Vehicle,Auto Theft,174,South Eglinton-Davisville (174),104,Mount Pleasant West (104),-79.39456855,43.70307572
344204,GO-20231311793,6/8/2023,6/8/2023,2023,June,8,159,Thursday  ,17,2023,June,8,159,Thursday  ,17,D41,Ttc Subway Station,Transit,1430,100,Assault,Assault,121,Oakridge (121),121,Oakridge (121),-79.29019206,43.69338422
4796,GO-20141621683,3/1/2014,3/1/2014,2014,March,1,60,Saturday  ,16,2014,March,1,60,Saturday  ,15,D31,"Apartment (Rooming House, Condo)",Apartment,1610,150,Robbery - Purse Snatch,Robbery,21,Humber Summit (21),21,Humber Summit (21),-79.55947199,43.75072249
198327,GO-20191700364,9/5/2019,9/1/2019,2019,September,5,248,Thursday  ,14,2019,September,1,244,Sunday    ,0,D33,"Commercial Dwelling Unit (Hotel, Motel, B & B, Short Term Rental)",Commercial,2135,210,Theft Of Motor Vehicle,Auto Theft,43,Victoria Village (43),43,Victoria Village (43),-79.32468285,43.74078662
204875,GO-20192102758,10/31/2019,10/29/2019,2019,October,31,304,Thursday  ,11,2019,October,29,302,Tuesday   ,19,D51,"Parking Lots (Apt., Commercial Or Non-Commercial)",Outside,2135,210,Theft Of Motor Vehicle,Auto Theft,166,St Lawrence-East Bayfront-The Islands ,77,Waterfront Communities-The Island (77),-79.36213436,43.65018529
379383,GO-2024365282,2/17/2024,2/17/2024,2024,February,17,48,Saturday  ,18,2024,February,17,48,Saturday  ,18,D52,"Commercial Dwelling Unit (Hotel, Motel, B & B, Short Term Rental)",Commercial,1420,100,Assault With Weapon,Assault,166,St Lawrence-East Bayfront-The Islands ,77,Waterfront Communities-The Island (77),-79.37908774,43.64591719
183559,GO-2019787734,5/1/2019,5/1/2019,2019,May,1,121,Wednesday ,20,2019,May,1,121,Wednesday ,20,D41,"Parking Lots (Apt., Commercial Or Non-Commercial)",Outside,1610,220,Robbery - Other,Robbery,126,Dorset Park (126),126,Dorset Park (126),-79.2810966,43.76582074
199101,GO-20191750257,9/12/2019,9/12/2019,2019,September,12,255,Thursday  ,11,2019,September,12,255,Thursday  ,11,D11,"Group Homes (Non-Profit, Halfway House, Social Agency)",Other,1430,100,Assault,Assault,171,Junction-Wallace Emerson (171),93,Dovercourt-Wallace Emerson-Junction (93),-79.44272492,43.65835371
392409,GO-20241154296,5/28/2024,6/3/2022,2024,May,28,149,Tuesday   ,14,2022,June,3,154,Friday    ,0,D52,"Apartment (Rooming House, Condo)",Apartment,1430,100,Assault,Assault,NSA,NSA,NSA,NSA,,
77603,GO-2016856247,5/18/2016,5/18/2016,2016,May,18,139,Wednesday ,16,2016,May,18,139,Wednesday ,15,D23,"Single Home, House (Attach Garage, Cottage, Mobile)",House,2120,200,B&E,Break and Enter,8,Humber Heights-Westmount (8),8,Humber Heights-Westmount (8),-79.51877267,43.69516388
361615,GO-20232365112,10/11/2023,10/11/2023,2023,October,11,284,Wednesday ,12,2023,October,11,284,Wednesday ,12,D31,"Apartment (Rooming House, Condo)",Apartment,1430,100,Assault,Assault,23,Pelmo Park-Humberlea (23),23,Pelmo Park-Humberlea (23),-79.53542118,43.73434745
420047,GO-20242811356,12/30/2024,12/30/2024,2024,December,30,365,Monday    ,15,2024,December,30,365,Monday    ,12,D42,"Parking Lots (Apt., Commercial Or Non-Commercial)",Outside,2135,210,Theft Of Motor Vehicle,Auto Theft,130,Milliken (130),130,Milliken (130),-79.27687792,43.82750045
345108,GO-20231378081,6/15/2023,6/15/2023,2023,June,15,166,Thursday  ,23,2023,June,15,166,Thursday  ,5,D53,"Streets, Roads, Highways (Bicycle Path, Private Road)",Outside,2135,210,Theft Of Motor Vehicle,Auto Theft,98,Rosedale-Moore Park (98),98,Rosedale-Moore Park (98),-79.38305878,43.68940776
141637,GO-2018499112,3/19/2018,3/19/2018,2018,March,19,78,Monday    ,13,2018,March,19,78,Monday    ,12,D33,Ttc Bus,Transit,1430,100,Assault,Assault,150,Fenside-Parkwoods (150),45,Parkwoods-Donalda (45),-79.32199497,43.76011472
308146,GO-20221656113,8/27/2022,8/27/2022,2022,August,27,239,Saturday  ,1,2022,August,27,239,Saturday  ,1,D33,"Parking Lots (Apt., Commercial Or Non-Commercial)",Outside,1610,200,Robbery - Mugging,Robbery,42,Banbury-Don Mills (42),42,Banbury-Don Mills (42),-79.34364412,43.74026981
71384,GO-2016416803,3/10/2016,3/10/2016,2016,March,10,70,Thursday  ,4,2016,March,10,70,Thursday  ,4,D23,"Other Commercial / Corporate Places (For Profit, Warehouse, Corp. Bldg",Commercial,1430,100,Assault,Assault,1,West Humber-Clairville (1),1,West Humber-Clairville (1),-79.60420741,43.70602654
381382,GO-2024483656,3/4/2024,3/4/2024,2024,March,4,64,Monday    ,12,2024,March,4,64,Monday    ,5,D41,Bar / Restaurant,Commercial,2120,220,B&E W'Intent,Break and Enter,120,Clairlea-Birchmount (120),120,Clairlea-Birchmount (120),-79.262678,43.7162417
374488,GO-202487947,1/12/2024,11/15/2023,2024,January,12,12,Friday    ,15,2023,November,15,319,Wednesday ,0,D32,"Apartment (Rooming House, Condo)",Apartment,1430,100,Assault,Assault,33,Clanton Park (33),33,Clanton Park (33),-79.43466622,43.74002156
274900,GO-20212044867,10/24/2021,10/24/2021,2021,October,24,297,Sunday    ,8,2021,October,24,297,Sunday    ,8,D14,Ttc Subway Station,Transit,1430,100,Assault,Assault,172,Dovercourt Village (172),93,Dovercourt-Wallace Emerson-Junction (93),-79.42565333,43.66198241
418882,GO-20242736531,12/19/2024,11/12/2024,2024,December,19,354,Thursday  ,9,2024,November,12,317,Tuesday   ,12,D51,Schools During Supervised Activity,Educational,1430,100,Assault,Assault,72,Regent Park (72),72,Regent Park (72),-79.36130216,43.6591195
302178,GO-20221294363,7/7/2022,7/7/2022,2022,July,7,188,Thursday  ,20,2022,July,7,188,Thursday  ,12,D32,"Parking Lots (Apt., Commercial Or Non-Commercial)",Outside,2135,210,Theft Of Motor Vehicle,Auto Theft,36,Newtonbrook West (36),36,Newtonbrook West (36),-79.41599034,43.781633
40622,GO-2015603083,4/12/2015,4/12/2015,2015,April,12,102,Sunday    ,8,2015,April,12,102,Sunday    ,8,D41,Ttc Bus Stop / Shelter / Loop,Outside,1610,200,Robbery - Mugging,Robbery,124,Kennedy Park (124),124,Kennedy Park (124),-79.25561783,43.73509528
79256,GO-2016967478,6/4/2016,6/4/2016,2016,June,4,156,Saturday  ,2,2016,June,4,156,Saturday  ,1,D55,"Open Areas (Lakes, Parks, Rivers)",Outside,1610,200,Robbery - Mugging,Robbery,70,South Riverdale (70),70,South Riverdale (70),-79.30969813,43.66336589
228784,GO-20201202066,6/30/2020,6/29/2020,2020,June,30,182,Tuesday   ,6,2020,June,29,181,Monday    ,21,D31,"Parking Lots (Apt., Commercial Or Non-Commercial)",Outside,2135,210,Theft Of Motor Vehicle,Auto Theft,27,York University Heights (27),27,York University Heights (27),-79.50524881,43.76623228
342638,GO-20231209276,5/29/2023,5/25/2023,2023,May,29,149,Monday    ,10,2023,May,25,145,Thursday  ,12,D14,"Streets, Roads, Highways (Bicycle Path, Private Road)",Outside,1430,100,Assault,Assault,79,University (79),79,University (79),-79.40783724,43.66362641
163454,GO-20181930585,10/19/2018,10/19/2018,2018,October,19,292,Friday    ,13,2018,October,19,292,Friday    ,0,D52,Bar / Restaurant,Commercial,2120,200,B&E,Break and Enter,170,Yonge-Bay Corridor (170),76,Bay Street Corridor (76),-79.37971194,43.64733019
278860,GO-20212305901,11/30/2021,11/29/2021,2021,November,30,334,Tuesday   ,7,2021,November,29,333,Monday    ,16,D43,"Parking Lots (Apt., Commercial Or Non-Commercial)",Outside,2135,210,Theft Of Motor Vehicle,Auto Theft,138,Eglinton East (138),138,Eglinton East (138),-79.24553345,43.73991828
128274,GO-20171991486,11/3/2017,11/3/2017,2017,November,3,307,Friday    ,13,2017,November,3,307,Friday    ,11,D11,"Streets, Roads, Highways (Bicycle Path, Private Road)",Outside,1420,100,Assault With Weapon,Assault,88,High Park North (88),88,High Park North (88),-79.47509993,43.65763737
249397,GO-2021212441,2/2/2021,2/2/2021,2021,February,2,33,Tuesday   ,23,2021,February,2,33,Tuesday   ,23,D51,"Streets, Roads, Highways (Bicycle Path, Private Road)",Outside,1450,120,Discharge Firearm With Intent,Assault,72,Regent Park (72),72,Regent Park (72),-79.36178286,43.6603626
130227,GO-20173039299,11/21/2017,11/17/2017,2017,November,21,325,Tuesday   ,13,2017,November,17,321,Friday    ,23,D52,"Other Commercial / Corporate Places (For Profit, Warehouse, Corp. Bldg",Commercial,2120,200,B&E,Break and Enter,78,Kensington-Chinatown (78),78,Kensington-Chinatown (78),-79.39654024,43.64943899
274113,GO-20211989537,10/16/2021,10/5/2021,2021,October,16,289,Saturday  ,13,2021,October,5,278,Tuesday   ,1,D52,"Other Commercial / Corporate Places (For Profit, Warehouse, Corp. Bldg",Commercial,2120,200,B&E,Break and Enter,164,Wellington Place (164),77,Waterfront Communities-The Island (77),-79.39341244,43.64937099
370361,GO-20232849037,12/11/2023,12/11/2023,2023,December,11,345,Monday    ,17,2023,December,11,345,Monday    ,13,D31,"Parking Lots (Apt., Commercial Or Non-Commercial)",Outside,2135,210,Theft Of Motor Vehicle,Auto Theft,154,Oakdale-Beverley Heights (154),26,Downsview-Roding-CFB (26),-79.49110465,43.72463445
350837,GO-20231736518,7/26/2023,7/20/2023,2023,July,26,207,Wednesday ,9,2023,July,20,201,Thursday  ,19,D22,"Parking Lots (Apt., Commercial Or Non-Commercial)",Outside,2135,210,Theft Of Motor Vehicle,Auto Theft,161,Humber Bay Shores (161),17,Mimico (includes Humber Bay Shores) (17),-79.48568571,43.62545188
68824,GO-2016242430,2/10/2016,2/10/2016,2016,February,10,41,Wednesday ,6,2016,February,10,41,Wednesday ,6,D43,"Apartment (Rooming House, Condo)",Apartment,1430,100,Assault,Assault,136,West Hill (136),136,West Hill (136),-79.17393621,43.7711708
192417,GO-20191330042,7/16/2019,7/16/2019,2019,July,16,197,Tuesday   ,7,2019,July,16,197,Tuesday   ,7,D52,"Apartment (Rooming House, Condo)",Apartment,1430,100,Assault,Assault,169,Bay-Cloverhill (169),76,Bay Street Corridor (76),-79.38609285,43.6615659
350979,GO-20231746576,7/27/2023,7/27/2023,2023,July,27,208,Thursday  ,12,2023,July,27,208,Thursday  ,12,D14,"Streets, Roads, Highways (Bicycle Path, Private Road)",Outside,1420,100,Assault With Weapon,Assault,164,Wellington Place (164),77,Waterfront Communities-The Island (77),-79.40187233,43.64192228
63556,GO-20152123346,12/11/2015,5/1/2015,2015,December,11,345,Friday    ,17,2015,May,1,121,Friday    ,15,NSA,"Apartment (Rooming House, Condo)",Apartment,1430,100,Assault,Assault,NSA,NSA,NSA,NSA,,
301514,GO-20221246734,7/1/2022,7/1/2022,2022,July,1,182,Friday    ,1,2022,July,1,182,Friday    ,1,D14,"Apartment (Rooming House, Condo)",Apartment,1430,100,Assault,Assault,163,Fort York-Liberty Village (163),82,Niagara (82),-79.41592023,43.63903208
281634,GO-20212506095,12/29/2021,11/8/2021,2021,December,29,363,Wednesday ,20,2021,November,8,312,Monday    ,19,D14,"Apartment (Rooming House, Condo)",Apartment,1430,100,Assault,Assault,80,Palmerston-Little Italy (80),80,Palmerston-Little Italy (80),-79.42187353,43.65903101
396388,GO-20241405598,6/27/2024,6/27/2024,2024,June,27,179,Thursday  ,22,2024,June,27,179,Thursday  ,22,D52,"Parking Lots (Apt., Commercial Or Non-Commercial)",Outside,2135,210,Theft Of Motor Vehicle,Auto Theft,165,Harbourfront-CityPlace (165),77,Waterfront Communities-The Island (77),-79.38542834,43.63898848
122267,GO-20171599737,9/4/2017,9/4/2017,2017,September,4,247,Monday    ,7,2017,September,4,247,Monday    ,5,D42,Bar / Restaurant,Commercial,2120,220,B&E W'Intent,Break and Enter,128,Agincourt South-Malvern West (128),128,Agincourt South-Malvern West (128),-79.26931762,43.78741166
214089,GO-2020169951,1/25/2020,1/25/2020,2020,January,25,25,Saturday  ,7,2020,January,25,25,Saturday  ,5,D23,"Apartment (Rooming House, Condo)",Apartment,1430,100,Assault,Assault,6,Kingsview Village-The Westway (6),6,Kingsview Village-The Westway (6),-79.55215096,43.69578968
98299,GO-20162274767,12/24/2016,12/24/2016,2016,December,24,359,Saturday  ,3,2016,December,24,359,Saturday  ,3,D41,"Parking Lots (Apt., Commercial Or Non-Commercial)",Outside,1430,100,Assault,Assault,138,Eglinton East (138),138,Eglinton East (138),-79.25813642,43.73455458
265406,GO-20211411548,7/27/2021,7/25/2021,2021,July,27,208,Tuesday   ,9,2021,July,25,206,Sunday    ,13,D14,"Streets, Roads, Highways (Bicycle Path, Private Road)",Outside,1430,100,Assault,Assault,95,Annex (95),95,Annex (95),-79.40529134,43.67030781
80277,GO-20161048175,6/16/2016,6/16/2016,2016,June,16,168,Thursday  ,10,2016,June,16,168,Thursday  ,10,D11,"Streets, Roads, Highways (Bicycle Path, Private Road)",Outside,1480,100,Assault - Resist/ Prevent Seiz,Assault,91,Weston-Pelham Park (91),91,Weston-Pelham Park (91),-79.45953222,43.67040354
145747,GO-2018788919,5/2/2018,5/2/2018,2018,May,2,122,Wednesday ,19,2018,May,2,122,Wednesday ,19,D54,"Apartment (Rooming House, Condo)",Apartment,1430,100,Assault,Assault,43,Victoria Village (43),43,Victoria Village (43),-79.30057066,43.71970287
134096,GO-2018318,1/1/2018,1/1/2018,2018,January,1,1,Monday    ,0,2018,January,1,1,Monday    ,0,D41,Ttc Subway Station,Transit,1420,110,Assault Bodily Harm,Assault,120,Clairlea-Birchmount (120),120,Clairlea-Birchmount (120),-79.28093218,43.71201709
239763,GO-20201951225,10/14/2020,10/14/2020,2020,October,14,288,Wednesday ,13,2020,October,14,288,Wednesday ,6,D12,"Parking Lots (Apt., Commercial Or Non-Commercial)",Outside,2135,210,Theft Of Motor Vehicle,Auto Theft,111,Rockcliffe-Smythe (111),111,Rockcliffe-Smythe (111),-79.4767409,43.68160471
177278,GO-2019381666,3/1/2019,2/28/2019,2019,March,1,60,Friday    ,13,2019,February,28,59,Thursday  ,10,D51,"Streets, Roads, Highways (Bicycle Path, Private Road)",Outside,2132,200,Theft From Motor Vehicle Over,Theft Over,166,St Lawrence-East Bayfront-The Islands ,77,Waterfront Communities-The Island (77),-79.37154665,43.64764839
405024,GO-20241916400,9/1/2024,9/1/2024,2024,September,1,245,Sunday    ,13,2024,September,1,245,Sunday    ,13,D42,"Parking Lots (Apt., Commercial Or Non-Commercial)",Outside,1430,100,Assault,Assault,147,L'Amoreaux West (147),117,L'Amoreaux (117),-79.33094578,43.79747129
282672,GO-202261972,1/10/2022,12/5/2021,2022,January,10,10,Monday    ,19,2021,December,5,339,Sunday    ,19,D43,"Single Home, House (Attach Garage, Cottage, Mobile)",House,1430,100,Assault,Assault,134,Highland Creek (134),134,Highland Creek (134),-79.1704137,43.79471559
394856,GO-20241307812,6/16/2024,6/12/2024,2024,June,16,168,Sunday    ,9,2024,June,12,164,Wednesday ,12,D22,"Single Home, House (Attach Garage, Cottage, Mobile)",House,1430,100,Assault,Assault,12,Markland Wood (12),12,Markland Wood (12),-79.5820547,43.63058904
189631,GO-20191164583,6/23/2019,6/22/2019,2019,June,23,174,Sunday    ,13,2019,June,22,173,Saturday  ,17,D52,"Streets, Roads, Highways (Bicycle Path, Private Road)",Outside,1430,100,Assault,Assault,170,Yonge-Bay Corridor (170),76,Bay Street Corridor (76),-79.38600144,43.65523619
307137,GO-20221634760,8/19/2022,8/19/2022,2022,August,19,231,Friday    ,14,2022,August,19,231,Friday    ,7,D52,Ttc Subway Station,Transit,1460,100,Assault Peace Officer,Assault,168,Downtown Yonge East (168),75,Church-Yonge Corridor (75),-79.38091295,43.6563248
165011,GO-20182023288,11/2/2018,11/2/2018,2018,November,2,306,Friday    ,15,2018,November,2,306,Friday    ,15,D41,"Parking Lots (Apt., Commercial Or Non-Commercial)",Outside,1430,100,Assault,Assault,126,Dorset Park (126),126,Dorset Park (126),-79.27494653,43.74945276
279607,GO-20212368448,12/8/2021,12/8/2021,2021,December,8,342,Wednesday ,20,2021,December,8,342,Wednesday ,19,D32,"Single Home, House (Attach Garage, Cottage, Mobile)",House,1420,100,Assault With Weapon,Assault,36,Newtonbrook West (36),36,Newtonbrook West (36),-79.43974627,43.79260505
359111,GO-20232216173,9/22/2023,9/21/2023,2023,September,22,265,Friday    ,15,2023,September,21,264,Thursday  ,9,D51,"Apartment (Rooming House, Condo)",Apartment,1430,100,Assault,Assault,167,Church-Wellesley (167),75,Church-Yonge Corridor (75),-79.37670375,43.6624204
16175,GO-20142452312,7/7/2014,7/7/2014,2014,July,7,188,Monday    ,23,2014,July,7,188,Monday    ,23,D42,"Streets, Roads, Highways (Bicycle Path, Private Road)",Outside,1610,200,Robbery - Mugging,Robbery,148,East L'Amoreaux (148),117,L'Amoreaux (117),-79.3023463,43.80845595
180354,GO-2019588859,4/1/2019,4/1/2019,2019,April,1,91,Monday    ,23,2019,April,1,91,Monday    ,23,D42,"Police / Courts (Parole Board, Probation Office)",Other,1430,100,Assault,Assault,146,Malvern East (146),132,Malvern (132),-79.23703578,43.78954099
283707,GO-2022140059,1/22/2022,12/29/2021,2022,January,22,22,Saturday  ,7,2021,December,29,363,Wednesday ,8,D51,"Apartment (Rooming House, Condo)",Apartment,1430,100,Assault,Assault,73,Moss Park (73),73,Moss Park (73),-79.37009915,43.6561629
232202,GO-20201431167,8/1/2020,8/1/2020,2020,August,1,214,Saturday  ,3,2020,August,1,214,Saturday  ,2,D55,"Streets, Roads, Highways (Bicycle Path, Private Road)",Outside,1420,110,Assault Bodily Harm,Assault,66,Danforth (66),66,Danforth (66),-79.34061921,43.67976178
94623,GO-20162025403,11/14/2016,11/12/2016,2016,November,14,319,Monday    ,18,2016,November,12,317,Saturday  ,3,D14,Bar / Restaurant,Commercial,1430,100,Assault,Assault,172,Dovercourt Village (172),93,Dovercourt-Wallace Emerson-Junction (93),-79.42939312,43.66115701
208084,GO-20192295270,11/28/2019,11/28/2019,2019,November,28,332,Thursday  ,9,2019,November,28,332,Thursday  ,9,D51,"Parking Lots (Apt., Commercial Or Non-Commercial)",Outside,1610,200,Robbery - Mugging,Robbery,74,North St.James Town (74),74,North St.James Town (74),-79.37219496,43.66763521
74543,GO-2016641438,4/15/2016,4/15/2016,2016,April,15,106,Friday    ,12,2016,April,15,106,Friday    ,12,D42,"Apartment (Rooming House, Condo)",Apartment,1430,100,Assault,Assault,146,Malvern East (146),132,Malvern (132),-79.22006488,43.81034612
22774,GO-20142930003,9/17/2014,9/17/2014,2014,September,17,260,Wednesday ,18,2014,September,17,260,Wednesday ,18,D43,"Single Home, House (Attach Garage, Cottage, Mobile)",House,1430,100,Assault,Assault,141,Golfdale-Cedarbrae-Woburn (141),137,Woburn (137),-79.22737634,43.76516942
351347,GO-20231766421,7/29/2023,7/29/2023,2023,July,29,210,Saturday  ,19,2023,July,29,210,Saturday  ,19,D41,"Single Home, House (Attach Garage, Cottage, Mobile)",House,1420,110,Assault Bodily Harm,Assault,119,Wexford/Maryvale (119),119,Wexford/Maryvale (119),-79.30647957,43.76461432
126730,GO-20171885995,10/20/2017,10/14/2017,2017,October,20,293,Friday    ,7,2017,October,14,287,Saturday  ,21,D33,"Single Home, House (Attach Garage, Cottage, Mobile)",House,2120,200,B&E,Break and Enter,48,Hillcrest Village (48),48,Hillcrest Village (48),-79.36845822,43.80584084
188321,GO-20191083991,6/12/2019,6/8/2019,2019,June,12,163,Wednesday ,13,2019,June,8,159,Saturday  ,16,D55,"Apartment (Rooming House, Condo)",Apartment,1430,100,Assault,Assault,68,North Riverdale (68),68,North Riverdale (68),-79.3424087,43.67294095
277287,GO-20212205893,11/16/2021,11/16/2021,2021,November,16,320,Tuesday   ,7,2021,November,16,320,Tuesday   ,0,D43,"Commercial Dwelling Unit (Hotel, Motel, B & B, Short Term Rental)",Commercial,2120,200,B&E,Break and Enter,136,West Hill (136),136,West Hill (136),-79.18170811,43.77491499
199364,GO-20191768218,9/14/2019,9/14/2019,2019,September,14,257,Saturday  ,19,2019,September,14,257,Saturday  ,18,D14,"Other Commercial / Corporate Places (For Profit, Warehouse, Corp. Bldg",Commercial,1430,100,Assault,Assault,81,Trinity-Bellwoods (81),81,Trinity-Bellwoods (81),-79.40681923,43.6542842
134204,GO-20189105,1/2/2018,1/2/2018,2018,January,2,2,Tuesday   ,15,2018,January,2,2,Tuesday   ,15,D43,"Single Home, House (Attach Garage, Cottage, Mobile)",House,1430,100,Assault,Assault,136,West Hill (136),136,West Hill (136),-79.18002251,43.75961791
378323,GO-20249007364,2/9/2024,2/8/2024,2024,February,9,40,Friday    ,13,2024,February,8,39,Thursday  ,2,D51,"Other Non Commercial / Corporate Places (Non-Profit, Gov'T, Firehall)",Other,2120,200,B&E,Break and Enter,166,St Lawrence-East Bayfront-The Islands ,77,Waterfront Communities-The Island (77),-79.35735746,43.65134019
209184,GO-20192368306,12/8/2019,12/8/2019,2019,December,8,342,Sunday    ,20,2019,December,8,342,Sunday    ,20,D41,"Apartment (Rooming House, Condo)",Apartment,1430,100,Assault,Assault,122,Birchcliffe-Cliffside (122),122,Birchcliffe-Cliffside (122),-79.2535526,43.70257532
37386,GO-2015374519,3/4/2015,3/4/2015,2015,March,4,63,Wednesday ,17,2015,March,4,63,Wednesday ,17,D23,"Single Home, House (Attach Garage, Cottage, Mobile)",House,1430,100,Assault,Assault,1,West Humber-Clairville (1),1,West Humber-Clairville (1),-79.60359997,43.72993186
332240,GO-2023575129,3/14/2023,3/14/2023,2023,March,14,73,Tuesday   ,18,2023,March,14,73,Tuesday   ,11,D32,"Parking Lots (Apt., Commercial Or Non-Commercial)",Outside,2135,210,Theft Of Motor Vehicle,Auto Theft,36,Newtonbrook West (36),36,Newtonbrook West (36),-79.41788184,43.7811932
347505,GO-20231534851,7/2/2023,7/2/2023,2023,July,2,183,Sunday    ,23,2023,July,2,183,Sunday    ,23,D14,"Streets, Roads, Highways (Bicycle Path, Private Road)",Outside,1470,100,Crim Negligence Bodily Harm,Assault,79,University (79),79,University (79),-79.40974753,43.6615215
79399,GO-2016979486,6/6/2016,6/6/2016,2016,June,6,158,Monday    ,1,2016,June,6,158,Monday    ,0,D32,"Apartment (Rooming House, Condo)",Apartment,1430,100,Assault,Assault,35,Westminster-Branson (35),35,Westminster-Branson (35),-79.45041523,43.78193892
131189,GO-20173110630,12/1/2017,12/1/2017,2017,December,1,335,Friday    ,17,2017,December,1,335,Friday    ,17,D51,"Apartment (Rooming House, Condo)",Apartment,1430,100,Assault,Assault,166,St Lawrence-East Bayfront-The Islands ,77,Waterfront Communities-The Island (77),-79.36459326,43.64923149
222295,GO-2020722562,4/15/2020,4/15/2020,2020,April,15,106,Wednesday ,2,2020,April,15,106,Wednesday ,1,D14,Convenience Stores,Commercial,1480,100,Assault - Resist/ Prevent Seiz,Assault,78,Kensington-Chinatown (78),78,Kensington-Chinatown (78),-79.40277413,43.6574367
252139,GO-2021424382,3/7/2021,3/7/2021,2021,March,7,66,Sunday    ,14,2021,March,7,66,Sunday    ,14,D31,"Apartment (Rooming House, Condo)",Apartment,1430,100,Assault,Assault,21,Humber Summit (21),21,Humber Summit (21),-79.55762299,43.74879028
223785,GO-2020835149,5/4/2020,5/3/2020,2020,May,4,125,Monday    ,7,2020,May,3,124,Sunday    ,22,D33,"Single Home, House (Attach Garage, Cottage, Mobile)",House,2135,210,Theft Of Motor Vehicle,Auto Theft,47,Don Valley Village (47),47,Don Valley Village (47),-79.36753152,43.78793862
296896,GO-2022967657,5/23/2022,5/23/2022,2022,May,23,143,Monday    ,16,2022,May,23,143,Monday    ,16,D12,"Apartment (Rooming House, Condo)",Apartment,1430,100,Assault,Assault,115,Mount Dennis (115),115,Mount Dennis (115),-79.49120768,43.68659519
94875,GO-20162045129,11/17/2016,11/17/2016,2016,November,17,322,Thursday  ,18,2016,November,17,322,Thursday  ,17,D23,"Parking Lots (Apt., Commercial Or Non-Commercial)",Outside,2135,210,Theft Of Motor Vehicle,Auto Theft,6,Kingsview Village-The Westway (6),6,Kingsview Village-The Westway (6),-79.54672196,43.69704648
186361,GO-2019959014,5/26/2019,5/26/2019,2019,May,26,146,Sunday    ,0,2019,May,26,146,Sunday    ,0,D41,"Streets, Roads, Highways (Bicycle Path, Private Road)",Outside,1460,100,Assault Peace Officer,Assault,120,Clairlea-Birchmount (120),120,Clairlea-Birchmount (120),-79.26811779,43.70699481
137339,GO-2018222511,2/4/2018,2/4/2018,2018,February,4,35,Sunday    ,21,2018,February,4,35,Sunday    ,18,D42,"Parking Lots (Apt., Commercial Or Non-Commercial)",Outside,1430,100,Assault,Assault,146,Malvern East (146),132,Malvern (132),-79.20481857,43.79744149
286956,GO-2022364350,2/25/2022,2/22/2022,2022,February,25,56,Friday    ,13,2022,February,22,53,Tuesday   ,22,D32,"Apartment (Rooming House, Condo)",Apartment,2120,200,B&E,Break and Enter,33,Clanton Park (33),33,Clanton Park (33),-79.43466622,43.74002156
199898,GO-20191798018,9/18/2019,9/18/2019,2019,September,18,261,Wednesday ,20,2019,September,18,261,Wednesday ,20,D33,"Streets, Roads, Highways (Bicycle Path, Private Road)",Outside,1420,100,Assault With Weapon,Assault,42,Banbury-Don Mills (42),42,Banbury-Don Mills (42),-79.33683453,43.73623022
120903,GO-20171515960,8/22/2017,8/22/2017,2017,August,22,234,Tuesday   ,3,2017,August,22,234,Tuesday   ,3,D43,"Parking Lots (Apt., Commercial Or Non-Commercial)",Outside,1420,100,Assault With Weapon,Assault,136,West Hill (136),136,West Hill (136),-79.1946673,43.76198029
103571,GO-2017341304,2/23/2017,2/23/2017,2017,February,23,54,Thursday  ,21,2017,February,23,54,Thursday  ,20,D13,"Streets, Roads, Highways (Bicycle Path, Private Road)",Outside,1610,100,Robbery With Weapon,Robbery,108,Briar Hill-Belgravia (108),108,Briar Hill-Belgravia (108),-79.44466709,43.69771626
177962,GO-2019430880,3/8/2019,3/8/2019,2019,March,8,67,Friday    ,23,2019,March,8,67,Friday    ,22,D41,"Other Commercial / Corporate Places (For Profit, Warehouse, Corp. Bldg",Commercial,1610,100,Robbery With Weapon,Robbery,122,Birchcliffe-Cliffside (122),122,Birchcliffe-Cliffside (122),-79.28406026,43.68081394
132091,GO-20173170126,12/10/2017,12/10/2017,2017,December,10,344,Sunday    ,17,2017,December,10,344,Sunday    ,1,D53,Bar / Restaurant,Commercial,2120,200,B&E,Break and Enter,95,Annex (95),95,Annex (95),-79.39413274,43.66871991
418065,GO-20242688741,12/12/2024,12/12/2024,2024,December,12,347,Thursday  ,16,2024,December,12,347,Thursday  ,16,D11,"Apartment (Rooming House, Condo)",Apartment,1430,100,Assault,Assault,84,Little Portugal (84),84,Little Portugal (84),-79.43296832,43.6506899
224112,GO-2020860649,5/8/2020,5/8/2020,2020,May,8,129,Friday    ,13,2020,May,8,129,Friday    ,12,D13,Retirement Home,Other,1430,100,Assault,Assault,101,Forest Hill South (101),101,Forest Hill South (101),-79.41158904,43.68568423
249509,GO-2021221251,2/4/2021,2/3/2021,2021,February,4,35,Thursday  ,10,2021,February,3,34,Wednesday ,15,D43,"Apartment (Rooming House, Condo)",Apartment,1430,100,Assault,Assault,139,Scarborough Village (139),139,Scarborough Village (139),-79.22792007,43.73997738
165177,GO-20182028162,11/3/2018,10/30/2018,2018,November,3,307,Saturday  ,12,2018,October,30,303,Tuesday   ,12,NSA,Schools During Supervised Activity,Educational,1430,100,Assault,Assault,NSA,NSA,NSA,NSA,,
162148,GO-20181855431,10/7/2018,9/1/2018,2018,October,7,280,Sunday    ,19,2018,September,1,244,Saturday  ,0,D55,"Apartment (Rooming House, Condo)",Apartment,2120,200,B&E,Break and Enter,43,Victoria Village (43),43,Victoria Village (43),-79.30057066,43.71970287
59488,GO-20151868651,10/30/2015,10/30/2015,2015,October,30,303,Friday    ,22,2015,October,30,303,Friday    ,22,D22,"Open Areas (Lakes, Parks, Rivers)",Outside,1610,200,Robbery - Mugging,Robbery,15,Kingsway South (15),15,Kingsway South (15),-79.5180391,43.64858463
165463,GO-20182047564,11/6/2018,11/6/2018,2018,November,6,310,Tuesday   ,12,2018,November,6,310,Tuesday   ,12,D52,Bar / Restaurant,Commercial,1420,100,Assault With Weapon,Assault,78,Kensington-Chinatown (78),78,Kensington-Chinatown (78),-79.39626254,43.64877159
228249,GO-20201172653,6/25/2020,6/24/2020,2020,June,25,177,Thursday  ,21,2020,June,24,176,Wednesday ,7,D41,"Apartment (Rooming House, Condo)",Apartment,1430,100,Assault,Assault,156,Bendale-Glen Andrew (156),127,Bendale (127),-79.26310554,43.75376257
201271,GO-20191892494,10/1/2019,10/1/2019,2019,October,1,274,Tuesday   ,17,2019,October,1,274,Tuesday   ,17,D11,Pharmacy,Other,1610,210,Robbery - Business,Robbery,86,Roncesvalles (86),86,Roncesvalles (86),-79.45183232,43.65387641
366429,GO-20232633475,11/14/2023,11/14/2023,2023,November,14,318,Tuesday   ,7,2023,November,14,318,Tuesday   ,0,D42,"Private Property Structure (Pool, Shed, Detached Garage)",Other,2135,210,Theft Of Motor Vehicle,Auto Theft,128,Agincourt South-Malvern West (128),128,Agincourt South-Malvern West (128),-79.25189184,43.78844437
374690,GO-2024103024,1/14/2024,1/14/2024,2024,January,14,14,Sunday    ,18,2024,January,14,14,Sunday    ,18,D55,"Streets, Roads, Highways (Bicycle Path, Private Road)",Outside,1430,100,Assault,Assault,63,The Beaches (63),63,The Beaches (63),-79.30816044,43.67151921
415125,GO-20242511653,11/18/2024,11/18/2024,2024,November,18,323,Monday    ,14,2024,November,18,323,Monday    ,14,D52,"Apartment (Rooming House, Condo)",Apartment,1430,100,Assault,Assault,78,Kensington-Chinatown (78),78,Kensington-Chinatown (78),-79.39695024,43.6552865
83462,GO-20161262310,7/18/2016,7/18/2016,2016,July,18,200,Monday    ,18,2016,July,18,200,Monday    ,18,D41,"Other Commercial / Corporate Places (For Profit, Warehouse, Corp. Bldg",Commercial,1430,100,Assault,Assault,120,Clairlea-Birchmount (120),120,Clairlea-Birchmount (120),-79.27601388,43.70267501
95127,GO-20162053423,11/19/2016,11/18/2016,2016,November,19,324,Saturday  ,0,2016,November,18,323,Friday    ,18,D53,"Single Home, House (Attach Garage, Cottage, Mobile)",House,2120,200,B&E,Break and Enter,41,Bridle Path-Sunnybrook-York Mills (41),41,Bridle Path-Sunnybrook-York Mills (41),-79.38146477,43.7274352
277781,GO-20212236882,11/20/2021,11/20/2021,2021,November,20,324,Saturday  ,10,2021,November,20,324,Saturday  ,10,D13,"Other Commercial / Corporate Places (For Profit, Warehouse, Corp. Bldg",Commercial,2120,200,B&E,Break and Enter,31,Yorkdale-Glen Park (31),31,Yorkdale-Glen Park (31),-79.45434383,43.71235166
144585,GO-2018705855,4/20/2018,4/19/2018,2018,April,20,110,Friday    ,12,2018,April,19,109,Thursday  ,17,D13,"Apartment (Rooming House, Condo)",Apartment,1430,100,Assault,Assault,107,Oakwood Village (107),107,Oakwood Village (107),-79.43838289,43.69823577
237363,GO-20201783278,9/20/2020,9/13/2020,2020,September,20,264,Sunday    ,6,2020,September,13,257,Sunday    ,19,D14,"Parking Lots (Apt., Commercial Or Non-Commercial)",Outside,2132,200,Theft From Motor Vehicle Over,Theft Over,164,Wellington Place (164),77,Waterfront Communities-The Island (77),-79.40319573,43.64518839
400216,GO-20241635491,7/27/2024,7/26/2024,2024,July,27,209,Saturday  ,8,2024,July,26,208,Friday    ,17,D43,"Apartment (Rooming House, Condo)",Apartment,1430,100,Assault,Assault,141,Golfdale-Cedarbrae-Woburn (141),137,Woburn (137),-79.21582626,43.761847
332073,GO-2023562662,3/13/2023,10/5/2022,2023,March,13,72,Monday    ,9,2022,October,5,278,Wednesday ,8,D31,"Other Commercial / Corporate Places (For Profit, Warehouse, Corp. Bldg",Commercial,2130,210,Theft Over,Theft Over,154,Oakdale-Beverley Heights (154),26,Downsview-Roding-CFB (26),-79.52149554,43.72424954
294163,GO-2022801152,4/30/2022,3/18/2022,2022,April,30,120,Saturday  ,14,2022,March,18,77,Friday    ,20,D14,Unknown,Other,2130,210,Theft Over,Theft Over,85,South Parkdale (85),85,South Parkdale (85),-79.43326632,43.63774048
72153,GO-2016467038,3/18/2016,1/13/2016,2016,March,18,78,Friday    ,10,2016,January,13,13,Wednesday ,0,D23,"Parking Lots (Apt., Commercial Or Non-Commercial)",Outside,2135,210,Theft Of Motor Vehicle,Auto Theft,1,West Humber-Clairville (1),1,West Humber-Clairville (1),-79.58265971,43.70395167
249348,GO-2021209374,2/2/2021,1/11/2020,2021,February,2,33,Tuesday   ,14,2020,January,11,11,Saturday  ,15,D51,Ttc Street Car,Transit,1430,100,Assault,Assault,73,Moss Park (73),73,Moss Park (73),-79.35615836,43.656871
129606,GO-20173008041,11/16/2017,11/16/2017,2017,November,16,320,Thursday  ,9,2017,November,16,320,Thursday  ,0,D31,"Other Commercial / Corporate Places (For Profit, Warehouse, Corp. Bldg",Commercial,2130,210,Theft Over,Theft Over,21,Humber Summit (21),21,Humber Summit (21),-79.55115333,43.76655611
251443,GO-2021371785,2/27/2021,2/27/2021,2021,February,27,58,Saturday  ,16,2021,February,27,58,Saturday  ,16,D55,"Single Home, House (Attach Garage, Cottage, Mobile)",House,1430,100,Assault,Assault,66,Danforth (66),66,Danforth (66),-79.33864662,43.68370159
263468,GO-20211275798,7/7/2021,7/6/2021,2021,July,7,188,Wednesday ,14,2021,July,6,187,Tuesday   ,22,D43,"Parking Lots (Apt., Commercial Or Non-Commercial)",Outside,2135,210,Theft Of Motor Vehicle,Auto Theft,156,Bendale-Glen Andrew (156),127,Bendale (127),-79.25414244,43.77672437
81326,GO-20161120080,6/26/2016,6/24/2016,2016,June,26,178,Sunday    ,22,2016,June,24,176,Friday    ,18,D53,"Single Home, House (Attach Garage, Cottage, Mobile)",House,2130,210,Theft Over,Theft Over,99,Mount Pleasant East (99),99,Mount Pleasant East (99),-79.37676058,43.70669575
313719,GO-20221987969,10/12/2022,10/12/2022,2022,October,12,285,Wednesday ,17,2022,October,12,285,Wednesday ,17,D23,Unknown,Other,1430,100,Assault,Assault,5,Elms-Old Rexdale (5),5,Elms-Old Rexdale (5),-79.54753395,43.72254448
49203,GO-20151199068,7/15/2015,7/14/2015,2015,July,15,196,Wednesday ,9,2015,July,14,195,Tuesday   ,12,D14,"Apartment (Rooming House, Condo)",Apartment,2120,200,B&E,Break and Enter,85,South Parkdale (85),85,South Parkdale (85),-79.43479212,43.63397778
164869,GO-20182012975,11/1/2018,11/1/2018,2018,November,1,305,Thursday  ,4,2018,November,1,305,Thursday  ,4,D14,"Streets, Roads, Highways (Bicycle Path, Private Road)",Outside,1450,120,Discharge Firearm With Intent,Assault,164,Wellington Place (164),77,Waterfront Communities-The Island (77),-79.40319573,43.64518839
8698,GO-20141910473,4/17/2014,4/17/2014,2014,April,17,107,Thursday  ,17,2014,April,17,107,Thursday  ,16,D31,"Other Commercial / Corporate Places (For Profit, Warehouse, Corp. Bldg",Commercial,1420,100,Assault With Weapon,Assault,155,Downsview (155),26,Downsview-Roding-CFB (26),-79.48592739,43.74287371
36611,GO-2015310368,2/22/2015,2/22/2015,2015,February,22,53,Sunday    ,0,2015,February,22,53,Sunday    ,0,D33,"Parking Lots (Apt., Commercial Or Non-Commercial)",Outside,1420,100,Assault With Weapon,Assault,47,Don Valley Village (47),47,Don Valley Village (47),-79.35208884,43.78649103
118913,GO-20171386125,8/2/2017,8/2/2017,2017,August,2,214,Wednesday ,1,2017,August,2,214,Wednesday ,1,D32,"Single Home, House (Attach Garage, Cottage, Mobile)",House,1430,100,Assault,Assault,36,Newtonbrook West (36),36,Newtonbrook West (36),-79.43224574,43.78617742
345313,GO-20231382169,6/16/2023,6/16/2023,2023,June,16,167,Friday    ,14,2023,June,16,167,Friday    ,14,D14,"Streets, Roads, Highways (Bicycle Path, Private Road)",Outside,1460,100,Assault Peace Officer,Assault,80,Palmerston-Little Italy (80),80,Palmerston-Little Italy (80),-79.42849822,43.65897291
233575,GO-20201528765,8/15/2020,8/15/2020,2020,August,15,228,Saturday  ,3,2020,August,15,228,Saturday  ,3,D43,"Single Home, House (Attach Garage, Cottage, Mobile)",House,1430,100,Assault,Assault,140,Guildwood (140),140,Guildwood (140),-79.17458731,43.75697423
139037,GO-2018334896,2/22/2018,2/15/2018,2018,February,22,53,Thursday  ,12,2018,February,15,46,Thursday  ,13,D43,Schools During Supervised Activity,Educational,1430,100,Assault,Assault,136,West Hill (136),136,West Hill (136),-79.19642521,43.76615629
470,GO-20141295300,1/7/2014,1/7/2014,2014,January,7,7,Tuesday   ,0,2014,January,7,7,Tuesday   ,0,D43,"Parking Lots (Apt., Commercial Or Non-Commercial)",Outside,2135,210,Theft Of Motor Vehicle,Auto Theft,138,Eglinton East (138),138,Eglinton East (138),-79.23771926,43.73783288
216148,GO-2020319285,2/14/2020,2/14/2020,2020,February,14,45,Friday    ,12,2020,February,14,45,Friday    ,11,D43,"Parking Lots (Apt., Commercial Or Non-Commercial)",Outside,1430,100,Assault,Assault,142,Woburn North (142),137,Woburn (137),-79.23857501,43.75792569
29822,GO-20143389286,11/29/2014,11/28/2014,2014,November,29,333,Saturday  ,3,2014,November,28,332,Friday    ,23,D54,"Streets, Roads, Highways (Bicycle Path, Private Road)",Outside,1430,100,Assault,Assault,62,East End-Danforth (62),62,East End-Danforth (62),-79.29789525,43.68905472
273171,GO-20211937804,10/8/2021,10/8/2021,2021,October,8,281,Friday    ,22,2021,October,8,281,Friday    ,22,D55,Ttc Bus Stop / Shelter / Loop,Outside,1610,200,Robbery - Mugging,Robbery,63,The Beaches (63),63,The Beaches (63),-79.31116593,43.6699731
317971,GO-20222236623,11/16/2022,11/10/2022,2022,November,16,320,Wednesday ,18,2022,November,10,314,Thursday  ,8,D53,"Apartment (Rooming House, Condo)",Apartment,1420,100,Assault With Weapon,Assault,97,Yonge-St.Clair (97),97,Yonge-St.Clair (97),-79.39937115,43.69469753
18070,GO-20142589717,7/28/2014,7/28/2014,2014,July,28,209,Monday    ,16,2014,July,28,209,Monday    ,16,D54,Ttc Subway Train,Transit,1430,100,Assault,Assault,61,Taylor-Massey (61),61,Taylor-Massey (61),-79.29163396,43.69610672
98400,GO-20162279457,12/25/2016,12/25/2016,2016,December,25,360,Sunday    ,2,2016,December,25,360,Sunday    ,2,D13,"Apartment (Rooming House, Condo)",Apartment,1430,100,Assault,Assault,108,Briar Hill-Belgravia (108),108,Briar Hill-Belgravia (108),-79.46484588,43.69450437
52485,GO-20151416276,8/17/2015,8/17/2015,2015,August,17,229,Monday    ,18,2015,August,17,229,Monday    ,18,D14,"Streets, Roads, Highways (Bicycle Path, Private Road)",Outside,1430,100,Assault,Assault,78,Kensington-Chinatown (78),78,Kensington-Chinatown (78),-79.40398193,43.64719409
216015,GO-2020310619,2/13/2020,1/1/2018,2020,February,13,44,Thursday  ,10,2018,January,1,1,Monday    ,7,D31,"Apartment (Rooming House, Condo)",Apartment,1420,100,Assault With Weapon,Assault,24,Black Creek (24),24,Black Creek (24),-79.51616201,43.75983279
259353,GO-2021981614,5/27/2021,5/27/2021,2021,May,27,147,Thursday  ,8,2021,May,27,147,Thursday  ,8,D53,Ttc Subway Station,Transit,1430,100,Assault,Assault,98,Rosedale-Moore Park (98),98,Rosedale-Moore Park (98),-79.38419105,43.67080371
130363,GO-20173051838,11/23/2017,11/23/2017,2017,November,23,327,Thursday  ,6,2017,November,23,327,Thursday  ,6,D14,"Apartment (Rooming House, Condo)",Apartment,1430,100,Assault,Assault,172,Dovercourt Village (172),93,Dovercourt-Wallace Emerson-Junction (93),-79.42530603,43.66435461
347019,GO-20231497114,6/28/2023,6/28/2023,2023,June,28,179,Wednesday ,17,2023,June,28,179,Wednesday ,17,D32,Bar / Restaurant,Commercial,1430,100,Assault,Assault,33,Clanton Park (33),33,Clanton Park (33),-79.43646093,43.74724387
329831,GO-2023402221,2/20/2023,2/19/2023,2023,February,20,51,Monday    ,14,2023,February,19,50,Sunday    ,23,D53,"Apartment (Rooming House, Condo)",Apartment,2120,200,B&E,Break and Enter,55,Thorncliffe Park (55),55,Thorncliffe Park (55),-79.34976932,43.70495989
324989,GO-202387056,1/12/2023,1/10/2023,2023,January,12,12,Thursday  ,11,2023,January,10,10,Tuesday   ,10,D22,Convenience Stores,Commercial,1430,100,Assault,Assault,158,Islington (158),14,Islington-City Centre West (14),-79.5222894,43.64492261
203055,GO-20191999403,10/16/2019,10/16/2019,2019,October,16,289,Wednesday ,18,2019,October,16,289,Wednesday ,18,D22,"Bank And Other Financial Institutions (Money Mart, Tsx)",Commercial,1610,110,Robbery - Financial Institute,Robbery,13,Etobicoke West Mall (13),13,Etobicoke West Mall (13),-79.57588329,43.64255432
327449,GO-2023253740,2/2/2023,2/2/2023,2023,February,2,33,Thursday  ,4,2023,February,2,33,Thursday  ,4,D22,"Other Commercial / Corporate Places (For Profit, Warehouse, Corp. Bldg",Commercial,2120,200,B&E,Break and Enter,16,Stonegate-Queensway (16),16,Stonegate-Queensway (16),-79.511332,43.64730155
107038,GO-2017585521,4/3/2017,4/2/2017,2017,April,3,93,Monday    ,11,2017,April,2,92,Sunday    ,22,D51,"Open Areas (Lakes, Parks, Rivers)",Outside,1610,150,Robbery - Purse Snatch,Robbery,72,Regent Park (72),72,Regent Park (72),-79.35868536,43.6624291
154732,GO-20181371430,7/27/2018,7/27/2018,2018,July,27,208,Friday    ,8,2018,July,27,208,Friday    ,0,D42,"Parking Lots (Apt., Commercial Or Non-Commercial)",Outside,2135,210,Theft Of Motor Vehicle,Auto Theft,118,Tam O'Shanter-Sullivan (118),118,Tam O'Shanter-Sullivan (118),-79.28826359,43.78328934
36683,GO-2015317259,2/23/2015,2/20/2015,2015,February,23,54,Monday    ,10,2015,February,20,51,Friday    ,12,D41,"Single Home, House (Attach Garage, Cottage, Mobile)",House,2120,200,B&E,Break and Enter,122,Birchcliffe-Cliffside (122),122,Birchcliffe-Cliffside (122),-79.28021746,43.67426835
337068,GO-2023866976,4/19/2023,4/19/2023,2023,April,19,109,Wednesday ,14,2023,April,19,109,Wednesday ,12,D32,"Single Home, House (Attach Garage, Cottage, Mobile)",House,2135,210,Theft Of Motor Vehicle,Auto Theft,152,East Willowdale (152),51,Willowdale East (51),-79.3987474,43.76859389
346550,GO-20231466232,6/25/2023,6/25/2023,2023,June,25,176,Sunday    ,13,2023,June,25,176,Sunday    ,13,D23,"Other Commercial / Corporate Places (For Profit, Warehouse, Corp. Bldg",Commercial,2120,200,B&E,Break and Enter,1,West Humber-Clairville (1),1,West Humber-Clairville (1),-79.61952341,43.75303232
193532,GO-20199023664,7/25/2019,7/20/2019,2019,July,25,206,Thursday  ,18,2019,July,20,201,Saturday  ,20,D14,Bar / Restaurant,Commercial,2120,200,B&E,Break and Enter,80,Palmerston-Little Italy (80),80,Palmerston-Little Italy (80),-79.42268933,43.6543963
320926,GO-20222402909,12/9/2022,9/1/2022,2022,December,9,343,Friday    ,10,2022,September,1,244,Thursday  ,12,D53,"Apartment (Rooming House, Condo)",Apartment,2120,200,B&E,Break and Enter,174,South Eglinton-Davisville (174),104,Mount Pleasant West (104),-79.39089096,43.69950764
213105,GO-2020135640,1/16/2020,1/16/2020,2020,January,16,16,Thursday  ,19,2020,January,16,16,Thursday  ,19,NSA,"Bank And Other Financial Institutions (Money Mart, Tsx)",Commercial,1610,110,Robbery - Financial Institute,Robbery,NSA,NSA,NSA,NSA,,
296346,GO-2022940578,5/19/2022,5/19/2022,2022,May,19,139,Thursday  ,17,2022,May,19,139,Thursday  ,7,D31,"Parking Lots (Apt., Commercial Or Non-Commercial)",Outside,2135,210,Theft Of Motor Vehicle,Auto Theft,27,York University Heights (27),27,York University Heights (27),-79.48815418,43.77316965
313878,GO-20221995834,10/13/2022,10/13/2022,2022,October,13,286,Thursday  ,18,2022,October,13,286,Thursday  ,17,D41,"Streets, Roads, Highways (Bicycle Path, Private Road)",Outside,1610,220,Robbery - Other,Robbery,123,Cliffcrest (123),123,Cliffcrest (123),-79.24501022,43.7140785
322138,GO-20222478559,12/19/2022,12/19/2022,2022,December,19,353,Monday    ,16,2022,December,19,353,Monday    ,15,D52,"Other Commercial / Corporate Places (For Profit, Warehouse, Corp. Bldg",Commercial,2130,210,Theft Over,Theft Over,170,Yonge-Bay Corridor (170),76,Bay Street Corridor (76),-79.38070695,43.65213469
179964,GO-2019557758,3/28/2019,3/21/2019,2019,March,28,87,Thursday  ,10,2019,March,21,80,Thursday  ,11,D43,Schools During Supervised Activity,Educational,1430,100,Assault,Assault,140,Guildwood (140),140,Guildwood (140),-79.20587158,43.7376897
272960,GO-20211908811,10/6/2021,10/4/2021,2021,October,6,279,Wednesday ,6,2021,October,4,277,Monday    ,21,D11,Ttc Bus,Transit,1420,100,Assault With Weapon,Assault,91,Weston-Pelham Park (91),91,Weston-Pelham Park (91),-79.45576542,43.67032293
304528,GO-20221444569,7/28/2022,7/28/2022,2022,July,28,209,Thursday  ,9,2022,July,28,209,Thursday  ,9,D43,"Parking Lots (Apt., Commercial Or Non-Commercial)",Outside,2132,200,Theft From Motor Vehicle Over,Theft Over,141,Golfdale-Cedarbrae-Woburn (141),137,Woburn (137),-79.22523617,43.75982961
168752,GO-20182237147,12/5/2018,10/12/2018,2018,December,5,339,Wednesday ,20,2018,October,12,285,Friday    ,14,D52,"Other Commercial / Corporate Places (For Profit, Warehouse, Corp. Bldg",Commercial,1430,100,Assault,Assault,170,Yonge-Bay Corridor (170),76,Bay Street Corridor (76),-79.37995625,43.65407279
228066,GO-20201159588,6/23/2020,12/31/2019,2020,June,23,175,Tuesday   ,21,2019,December,31,365,Tuesday   ,10,D42,"Apartment (Rooming House, Condo)",Apartment,1430,100,Assault,Assault,128,Agincourt South-Malvern West (128),128,Agincourt South-Malvern West (128),-79.24009728,43.78886658
62313,GO-20152034592,11/27/2015,11/27/2015,2015,November,27,331,Friday    ,15,2015,November,27,331,Friday    ,12,D53,Bar / Restaurant,Commercial,2120,200,B&E,Break and Enter,97,Yonge-St.Clair (97),97,Yonge-St.Clair (97),-79.39369356,43.68712084
411646,GO-20242314929,10/23/2024,10/22/2024,2024,October,23,297,Wednesday ,3,2024,October,22,296,Tuesday   ,10,D23,"Commercial Dwelling Unit (Hotel, Motel, B & B, Short Term Rental)",Commercial,2120,200,B&E,Break and Enter,1,West Humber-Clairville (1),1,West Humber-Clairville (1),-79.58729301,43.68951267
132604,GO-20173201475,12/15/2017,12/15/2017,2017,December,15,349,Friday    ,14,2017,December,15,349,Friday    ,14,D41,"Apartment (Rooming House, Condo)",Apartment,1430,100,Assault,Assault,121,Oakridge (121),121,Oakridge (121),-79.27952568,43.70324281
387874,GO-2024875541,4/24/2024,4/19/2024,2024,April,24,115,Wednesday ,10,2024,April,19,110,Friday    ,22,D53,Ttc Bus,Transit,1420,100,Assault With Weapon,Assault,55,Thorncliffe Park (55),55,Thorncliffe Park (55),-79.35276762,43.70186929
246263,GO-20202425596,12/26/2020,12/26/2020,2020,December,26,361,Saturday  ,11,2020,December,26,361,Saturday  ,11,D23,"Apartment (Rooming House, Condo)",Apartment,1430,100,Assault,Assault,6,Kingsview Village-The Westway (6),6,Kingsview Village-The Westway (6),-79.53435946,43.70029657
165628,GO-20182063422,11/8/2018,11/8/2018,2018,November,8,312,Thursday  ,19,2018,November,8,312,Thursday  ,18,D52,"Streets, Roads, Highways (Bicycle Path, Private Road)",Outside,1430,100,Assault,Assault,79,University (79),79,University (79),-79.39900524,43.6608978
407829,GO-20242090030,9/23/2024,9/23/2024,2024,September,23,267,Monday    ,18,2024,September,23,267,Monday    ,18,D12,Bar / Restaurant,Commercial,1430,100,Assault,Assault,110,Keelesdale-Eglinton West (110),110,Keelesdale-Eglinton West (110),-79.4643626,43.68254161
30135,GO-20143417452,12/3/2014,1/1/2012,2014,December,3,337,Wednesday ,17,2012,January,1,1,Sunday    ,9,D41,"Other Commercial / Corporate Places (For Profit, Warehouse, Corp. Bldg",Commercial,1430,100,Assault,Assault,125,Ionview (125),125,Ionview (125),-79.27334831,43.73377437
